{
	"credit": "Made with Blockbench",
	"texture_size": [32, 32],
	"textures": {
		"0": "block/custom/texture",
		"particle": "block/custom/texture"
	},
	"elements": [
		{
			"from": [4, 0, 4],
			"to": [12, 8, 12],
			"faces": {
				"north": {"uv": [4, 4, 8, 8], "texture": "#0"},
				"east": {"uv": [0, 4, 4, 8], "texture": "#0"},
				"south": {"uv": [12, 4, 16, 8], "texture": "#0"},
				"west": {"uv": [8, 4, 12, 8], "texture": "#0"},
				"up": {"uv": [8, 4, 4, 0], "texture": "#0"},
				"down": {"uv": [12, 0, 8, 4], "texture": "#0"}
			}
		}
	],
	"gui_light": "front",
	"display": {
		"thirdperson_righthand": {
			"rotation": [0, 180, 0],
			"translation": [0, 5, 1],
			"scale": [0.63, 0.63, 0.01]
		},
		"thirdperson_lefthand": {
			"rotation": [0, 180, 0],
			"translation": [0, 5, 1],
			"scale": [0.63, 0.63, 0.01]
		},
		"firstperson_righthand": {
			"rotation": [0, 121, -8],
			"translation": [0.75, 7.25, -0.5],
			"scale": [0.76, 0.76, 0.13]
		},
		"firstperson_lefthand": {
			"rotation": [0, 121, -8],
			"translation": [0.75, 7.25, -0.5],
			"scale": [0.76, 0.76, 0.13]
		},
		"ground": {
			"translation": [0, 2.25, 0],
			"scale": [0.67, 0.66, 0.03]
		},
		"gui": {
			"rotation": [0, 180, 0],
			"translation": [0, 6.5, 0],
			"scale": [1.55, 1.55, 4]
		},
		"head": {
			"translation": [0, 11.6, 0],
			"scale": [1.96, 1.96, 1.96]
		},
		"fixed": {
			"translation": [0, 7.5, 0.5],
			"scale": [1.83, 1.83, 0.08]
		}
	}
}